{
    "radius_mean": {
        "benign_mean": 12.146523809523808,
        "benign_std": 1.7805116461410386,
        "malignant_mean": 17.462830188679245,
        "malignant_std": 3.2039711007793663
    },
    "texture_mean": {
        "benign_mean": 17.914761904761903,
        "benign_std": 3.9951245936759108,
        "malignant_mean": 21.60490566037736,
        "malignant_std": 3.7794699207763403
    },
    "perimeter_mean": {
        "benign_mean": 78.075406162465,
        "benign_std": 11.80743758010874,
        "malignant_mean": 115.36537735849056,
        "malignant_std": 21.85465329107372
    },
    "area_mean": {
        "benign_mean": 462.7901960784313,
        "benign_std": 134.28711814705957,
        "malignant_mean": 978.3764150943397,
        "malignant_std": 367.9379776066702
    },
    "smoothness_mean": {
        "benign_mean": 0.09247764705882354,
        "benign_std": 0.013446077330274126,
        "malignant_mean": 0.10289849056603775,
        "malignant_std": 0.012608235501058326
    },
    "compactness_mean": {
        "benign_mean": 0.0800846218487395,
        "benign_std": 0.033749954593142575,
        "malignant_mean": 0.14518778301886792,
        "malignant_std": 0.05398749505279829
    },
    "concavity_mean": {
        "benign_mean": 0.04605762100840336,
        "benign_std": 0.0434421510450616,
        "malignant_mean": 0.16077471698113208,
        "malignant_std": 0.07501932785025706
    },
    "concave points_mean": {
        "benign_mean": 0.025717406162464984,
        "benign_std": 0.01590877837827477,
        "malignant_mean": 0.08799,
        "malignant_std": 0.03437390887540152
    },
    "symmetry_mean": {
        "benign_mean": 0.1741859943977591,
        "benign_std": 0.02480675820679328,
        "malignant_mean": 0.1929089622641509,
        "malignant_std": 0.02763809214303016
    },
    "fractal_dimension_mean": {
        "benign_mean": 0.0628673949579832,
        "benign_std": 0.006747342813925062,
        "malignant_mean": 0.06268009433962264,
        "malignant_std": 0.007573315024808587
    },
    "radius_se": {
        "benign_mean": 0.28408235294117645,
        "benign_std": 0.11256960816352057,
        "malignant_mean": 0.6090825471698113,
        "malignant_std": 0.3450385808871092
    },
    "texture_se": {
        "benign_mean": 1.2203801120448179,
        "benign_std": 0.5891797272308021,
        "malignant_mean": 1.2109146226415093,
        "malignant_std": 0.4831780770537447
    },
    "perimeter_se": {
        "benign_mean": 2.0003212885154062,
        "benign_std": 0.7711692027100456,
        "malignant_mean": 4.3239292452830185,
        "malignant_std": 2.5685456540541707
    },
    "area_se": {
        "benign_mean": 21.135148459383753,
        "benign_std": 8.843472045083173,
        "malignant_mean": 72.67240566037735,
        "malignant_std": 61.35526840853968
    },
    "smoothness_se": {
        "benign_mean": 0.007195901960784313,
        "benign_std": 0.0030606096493598425,
        "malignant_mean": 0.006780094339622642,
        "malignant_std": 0.002890429930887557
    },
    "compactness_se": {
        "benign_mean": 0.02143824649859944,
        "benign_std": 0.01635151136043786,
        "malignant_mean": 0.03228116509433963,
        "malignant_std": 0.01838718992099185
    },
    "concavity_se": {
        "benign_mean": 0.02599673557422969,
        "benign_std": 0.032918236251070425,
        "malignant_mean": 0.041824009433962264,
        "malignant_std": 0.0216034283846679
    },
    "concave points_se": {
        "benign_mean": 0.009857652661064425,
        "benign_std": 0.005708624676191591,
        "malignant_mean": 0.015060471698113208,
        "malignant_std": 0.00551736244203068
    },
    "symmetry_se": {
        "benign_mean": 0.020583806722689075,
        "benign_std": 0.0069985387133780505,
        "malignant_mean": 0.020472400943396227,
        "malignant_std": 0.01006488844390466
    },
    "fractal_dimension_se": {
        "benign_mean": 0.0036360512605042015,
        "benign_std": 0.0029382189401981505,
        "malignant_mean": 0.0040624056603773585,
        "malignant_std": 0.0020414979342880577
    },
    "radius_worst": {
        "benign_mean": 13.37980112044818,
        "benign_std": 1.9813675697080728,
        "malignant_mean": 21.134811320754718,
        "malignant_std": 4.283569453482648
    },
    "texture_worst": {
        "benign_mean": 23.51507002801121,
        "benign_std": 5.493954523042769,
        "malignant_mean": 29.318207547169813,
        "malignant_std": 5.434804076513243
    },
    "perimeter_worst": {
        "benign_mean": 87.00593837535013,
        "benign_std": 13.527090900564934,
        "malignant_mean": 141.37033018867925,
        "malignant_std": 29.457055164129887
    },
    "area_worst": {
        "benign_mean": 558.8994397759103,
        "benign_std": 163.60142388916321,
        "malignant_mean": 1422.2863207547173,
        "malignant_std": 597.9677431516737
    },
    "smoothness_worst": {
        "benign_mean": 0.12495949579831933,
        "benign_std": 0.020013465208021997,
        "malignant_mean": 0.1448452358490566,
        "malignant_std": 0.021869834392199132
    },
    "compactness_worst": {
        "benign_mean": 0.18267254901960786,
        "benign_std": 0.09217997959811537,
        "malignant_mean": 0.37482410377358494,
        "malignant_std": 0.17037198471571027
    },
    "concavity_worst": {
        "benign_mean": 0.16623772268907563,
        "benign_std": 0.14036774077918968,
        "malignant_mean": 0.4506055660377358,
        "malignant_std": 0.18150672252420566
    },
    "concave points_worst": {
        "benign_mean": 0.07444434453781512,
        "benign_std": 0.0357973737756289,
        "malignant_mean": 0.1822373113207547,
        "malignant_std": 0.04630779007517737
    },
    "symmetry_worst": {
        "benign_mean": 0.27024593837535016,
        "benign_std": 0.041744766428705816,
        "malignant_mean": 0.32346792452830186,
        "malignant_std": 0.07468495606861252
    },
    "fractal_dimension_worst": {
        "benign_mean": 0.07944207282913165,
        "benign_std": 0.013804045110823395,
        "malignant_mean": 0.09152995283018868,
        "malignant_std": 0.02155288851442656
    }
}